{"cameraMode":{"drawMode":0,"name":"Shaded","section":"Shading Mode"},"sceneLighting":true,"audioPlay":false,"sceneViewState":{"m_AlwaysRefresh":false,"showFog":true,"showSkybox":true,"showFlares":true,"showImageEffects":true,"showParticleSystems":true,"showVisualEffectGraphs":true,"m_FxEnabled":true},"in2DMode":false,"pivot":{"x":11.176886558532715,"y":-0.9413080811500549,"z":37.33528518676758},"rotation":{"x":0.12970158457756043,"y":0.8694023489952087,"z":-0.35769757628440859,"w":0.3153107464313507},"size":16.099773406982423,"orthographic":false}